"ClaseT","CodClase","Clase","Mercado","Clase_MC","Linea","Laboratorio","Molecula","Producto","Presentacion","A_YTD_UN_Act","A_YTD_UN_AA","A_TRIM_Un_Act","A_TRIM_Un__1","A_TRIM_Un_AA","A_SEM_Un_Act","A_SEM_AA","A_MES_Un_Act","A_MES_Un__1","A_MES_Un_AA"
"A01A0 ESTOMATOLOGICOS","E","Etico","NO ASIGNADO","NaN","NO ASIGNADO","Bernabo","sodio fluoruro","FLUORDENT-BEB","FLUORDENT comp.x 30",531,737,134,192,204,326,406,33,55,75
"A01A0 ESTOMATOLOGICOS","E","Etico","NO ASIGNADO","NaN","NO ASIGNADO","Bernabo","sodio fluoruro","FLUORDENT-BEB","FLUORDENT comp.x 30",820,957,233,291,242,524,535,68,101,72
"A01A0 ESTOMATOLOGICOS","E","Etico","NO ASIGNADO","NaN","NO ASIGNADO","Bernabo","sodio fluoruro","FLUORDENT-BEB","FLUORDENT comp.x 30",6,23,4,"NaN",5,4,12,4,"NaN","NaN"
...
"nombre","dato1","dato2","dato3","dato4","dato5"
"valores1","valores2","valores3","valores4","valores5","valores6"

(Es solo un fragmento del CSV; los datos completos han sido recortados para mantener la estructura.) 

Si necesitas algo más, no dudes en decírmel